Date,Phase,Weight_kg,Avg_7day_kg,Calories,Protein_g,Fiber_g,Sodium_mg,Potassium_mg,K_to_Na,Sleep_hrs,Sleep_score,Resting_HR,Steps,Coffee,Notes
2026-06-17,Recomp,72.55,,,,,,,,8.3,,66,17402,,Baseline weigh-in — start logging
2026-06-18,Recomp,,,,,,,,,7.45,,66,23974,,
2026-06-19,Recomp,71.9,,2826,179,18,3164,3424,1.08,7.5,81,67,18553,,71.9 post-breakfast; cheat dinner (18.5k steps)
2026-06-20,Recomp,71.40,,2033,119,17,2592,3197,1.23,7.48,,66,24896,Black,71.40 fasted; sushi lunch + Nando's dinner (24.9k steps)
2026-06-21,Recomp,71.35,71.38,1688,139,24,1765,3272,1.85,8.57,,67,4389,Pre-WO,71.35 fasted; rollup; recovered protein w/ shake; last recomp day; training day
2026-06-22,Cut,71.10,71.28,1974,149,29,1899,5194,2.74,8.12,,67,10391,No,71.10 fasted; DAY 1 cut; 1hr walk ~545cal (Fitbit off part-session — steps undercounted); no coffee/caffeine
2026-06-23,Cut,71.35,71.30,1827,126,22,1989,3477,1.75,8.03,79,68,11172,No,Day 2 cut; weight not clean fasted (noise); basketball ~11k steps; Chinese home dinner; protein short — no whey; sodium over from Chinese cooking; no coffee
2026-06-24,Cut,70.75,71.30,2048,178,20,1839,3581,1.95,8.98,81,68,7140,No,Day 3 cut; 70.75 fasted ✅; training Day 1 Wk3 — squat 102.5×8; bench 75×4; galbi dinner; fibre short; Na over (family dinner); no coffee
2026-06-25,Cut,70.50,71.19,,,,,,,7.58,73,68,13126,,Day 4 cut; 70.50 fasted ✅; food untracked (out of credits)
2026-06-26,Cut,,,,,,,,,8.63,,68,1357,,Sick day; rest; food untracked
