Week 1,,,,,,,,,,,
Day 1,Exercise,Reps,Sets,RPE/%,Weight,Rest time,My notes,Actual Weight,Actual Reps,Actual Effort,Your notes:
,Plank: front and sides( 2min each side) ,/,/,/,/,/,/,/,/,/,/
,Highbar Squat,8,4,7,97.5-100,As much as you need,Ez up a bit,100,8,7.5,
,Long Pause Bench Press,4,4,7,75,As much as you need,,75,4,8.5,
,Leg Press,8-10,3,8-9,,As much as you need,,4,8,8.5,
,Hamstring Curls,8-10,2,8-9,,3-5 Minutes,,65,10,9,
,Leg Extensions,8-10,2,8-9,,3-5 Minutes,,65,10,9,
,Lat-pulldown,8-10,3,8,,3-5 Minutes,,75,8,9,
,,,,,,,,,,,
Day 2,Exercise,Reps,Sets,RPE/%,Weight,Rest time,My notes,Actual Weight,Actual Reps,Actual Effort,Your notes:
,Plank: front and sides( 2min each side) ,/,/,/,/,/,/,/,/,/,/
,Close Grip Bench Press,6,3,7,75-77.5,As much as you need,Same weights,80,6,6.5,
,Machine Chest Flies,8,3,8,,3-5 Minutes,,36,10,8.5,
,Dips,10-12,2,8,,As much as you need,,18,10,8.5,
,Tricep Pushdowns,8-10,3,8-9,,1-3 Minutes,,15,12,8,
,Bicep Curls,8-10,3,8-9,,1-3 Minutes,,14,12,9,
,Cable Rows,10-12,2,8,,3-5 Minutes,,,,,I couldnt move my arms 
,,,,,,,,,,,
,,,,,,,,,,,
Day 3,Exercise,Reps,Sets,RPE/%,Weight,Rest time,My notes,Actual Weight,Actual Reps,Actual Effort,Your notes:
,Plank: front and sides( 2min each side) ,/,/,/,/,/,/,/,/,/,/
,Deadlift (Conventional),5,4,7,77.5,As much as you need,"hinge your hips more, should feel more like a leg press than RDL",77.5,5,6.5,
,Leg Press,10-12,3,8,,3-5 Minutes,,4 plates ,11,8.5,
,Hamstring Curls,10-12,3,8,,3-5 Minutes,,60,12,8,
,Leg Extensions,10-12,3,8,,3-5 Minutes,,30,12,9,One legged 
,Back Extensions,8-10,2,7-8,,3-5 Minutes,,25,10,,
,Lateral Raise ,8-10,3 Each Arm ,8,,1-3 Minutes,,,,,
,,,,,,,,,,,
Day 4,Exercise,Reps,Sets,RPE/%,Weight,Rest time,My notes,Actual Weight,Actual Reps,Actual Effort,Your notes:
,Plank: front and sides( 2min each side) ,/,/,/,/,/,/,/,/,/,/
,Tempo Squat ( 3-2-0),4,4,7,90,As much as you need,Same weights,,,,
,Larsen Press,8,3,7,72.5 - 75,As much as you need,,,,,
,Lat-pulldown,10-12,3,8,,3-5 Minutes,,,,,
,Face Pull,10-12,3,8,,3-5 Minutes,,,,,
,Cable Rows,10-12,3,8,,3-5 Minutes,,,,,
,Bicep Curls,10-12,3,8,,1-3 Minutes,,,,,
,,,,,,,,,,,
,Excercise by choice ( optional),,,,,,,,,,
,Excercise by choice ( optional),,,,,,,,,,
,Excercise by choice ( optional),,,,,,,,,,
,,,,,,,,,,,
,Example on how to fill the sheet: ( Orange is what you need to fill out) ,,,,,,,,,,
,,,,,,,,,,,
,High bar squat,8,4,8,80,2- 3 minutes,,"80, 80, 75, 75,",8,8,"Sore knee, back strain..."